{
	"schemaVersion": 1,
	"id": "tutorailmod",
	"version": "${version}",
	"name": "tutorailMod",
	"description": "这是模组描述",
	"authors": [
		"阿琳ALin"
	],
	"contact": {
		"homepage": "https://fabricmc.net/",
		"sources": "https://github.com/kiliti-corder/MinecraftModDel"
	},
	"license": "CC0-1.0",
	"icon": "assets/tutorailmod/icon.png",
	"environment": "*",
	"entrypoints": {
		"main": [
			"com.besson.tutorailmod.TutorailMod"
		],
		"fabric-datagen": [
			"com.besson.tutorailmod.TutorailModDataGenerator"
		],
		"client": [
			"com.besson.tutorailmod.TutorailModClient"
		]
	},
	"mixins": [
		"tutorailmod.mixins.json"
	],
	"depends": {
		"fabricloader": ">=0.16.13",
		"minecraft": "~1.21",
		"java": ">=21",
		"fabric-api": "*"
	},
	"suggests": {
		"another-mod": "*"
	}
}